-- phpMyAdmin SQL Dump
-- version 4.7.4
-- https://www.phpmyadmin.net/
--
-- Host: 127.0.0.1
-- Generation Time: Sep 05, 2018 at 03:17 PM
-- Server version: 10.1.28-MariaDB
-- PHP Version: 7.1.11

SET SQL_MODE = "NO_AUTO_VALUE_ON_ZERO";
SET AUTOCOMMIT = 0;
START TRANSACTION;
SET time_zone = "+00:00";


/*!40101 SET @OLD_CHARACTER_SET_CLIENT=@@CHARACTER_SET_CLIENT */;
/*!40101 SET @OLD_CHARACTER_SET_RESULTS=@@CHARACTER_SET_RESULTS */;
/*!40101 SET @OLD_COLLATION_CONNECTION=@@COLLATION_CONNECTION */;
/*!40101 SET NAMES utf8mb4 */;

--
-- Database: `dataproject`
--

-- --------------------------------------------------------

--
-- Table structure for table `car`
--

CREATE TABLE `car` (
  `id` int(2) NOT NULL,
  `tc_id` int(2) DEFAULT NULL,
  `num` varchar(10) DEFAULT NULL,
  `brand` varchar(10) DEFAULT NULL,
  `engine` varchar(35) DEFAULT NULL,
  `color` varchar(10) CHARACTER SET latin1 DEFAULT NULL
) ENGINE=InnoDB DEFAULT CHARSET=utf8;

--
-- Dumping data for table `car`
--

INSERT INTO `car` (`id`, `tc_id`, `num`, `brand`, `engine`, `color`) VALUES
(1, 1, 'ฉว5756', 'Toyota', 'MHYGDN71V00303555', 'white'),
(2, 1, 'กฉ5586', 'Toyota', 'MHYGDN71V00303599', 'black'),
(3, 1, '4กธ4245', 'Toyota', 'MHYGDN71V00301210', 'white'),
(4, 2, 'ฉฉ718', 'Isuzu', 'MNBAXXMAWAFJ98812', 'black'),
(5, 2, '1กก161', 'Nissan', 'JT732LNB109010828', 'black'),
(6, 3, '9กค9535', 'Isuzu', 'R182ZF1000019', 'white'),
(7, 3, 'รข8450', 'Isuzu', 'JA350E0098784', 'white');

-- --------------------------------------------------------

--
-- Table structure for table `customer`
--

CREATE TABLE `customer` (
  `id` int(3) NOT NULL,
  `idcard` char(13) CHARACTER SET latin1 DEFAULT NULL,
  `fname` varchar(55) DEFAULT NULL,
  `lname` varchar(55) DEFAULT NULL,
  `email` varchar(30) CHARACTER SET latin1 DEFAULT NULL,
  `phone` varchar(10) CHARACTER SET latin1 DEFAULT NULL,
  `address` varchar(255) DEFAULT NULL,
  `idcompany` varchar(12) CHARACTER SET latin1 DEFAULT NULL,
  `namecompany` varchar(255) DEFAULT NULL
) ENGINE=InnoDB DEFAULT CHARSET=utf8;

--
-- Dumping data for table `customer`
--

INSERT INTO `customer` (`id`, `idcard`, `fname`, `lname`, `email`, `phone`, `address`, `idcompany`, `namecompany`) VALUES
(1, '1309902512345', 'หัสยา', 'โชติวัฒโณ', 'nntt@gmail.com', '0835461454', '222 ท่าอากาศยานดอนเมืองอาคารส่วนกลางชั้น 3 ห้อง 3200 ถ.วิภาวดีรังสิต แขวงสนามบิน เขตดอนเมือง กทม.\r\n', 'TH3437010004', 'บริษัท เอเชีย เอวิเอชั่น จำกัด (มหาชน)\r\n'),
(2, '1309902512346', 'อาทิมา', 'จันทเปรมจิตต์', 'njnijg@gmail.com', '0835461455', '401/1หมู่ที่ 8 อาคารเอบิโก้ ชั้น 5 ถนนพหลโยธิน ตำบลคูคต อำเภอลำลูกกา ปทุมธานี\r\n', 'TH0186010Z07', 'บริษัท เอบิโก้ โฮลดิ้งส์ จำกัด (มหาชน)\r\n'),
(3, '1309902512347', 'จันทร์ทิมา', 'นมภูเขียว', 'hjgiuigf@gmai.com', '0835461456', 'เลขที่ 400/22 อาคารธนาคารกสิกรไทย ชั้น 6 และ 12 ถนนพหลโยธิน แขวงสามเสนใน เขตพญาไท กทม.\r\n', 'TH4745010009', ' กองทุนรวมโครงสร้างพื้นฐานโรงไฟฟ้า อมตะ บี.กริม เพาเวอร์\r\n'),
(4, '1309902512348', 'อนันตชัย', 'ชังเจริญ', 'nuuyuy@gmai.com', '0835461457', 'เลขที่ 349 อาคารเอสเจ อินฟินิท วัน บิสซิเนส คอมเพล็กซ์ ชั้น 24 ห้องเลขที่ 2401-2405 ถนน วิภาวดีรังสิต แขวงจอมพล เขตจตุจักร กทม.\r\n', 'TH0880010Z05', 'บริษัท เอเชีย แคปปิตอล กรุ๊ป จำกัด (มหาชน)\r\n'),
(5, '1309902512349', 'กฤษณะ', 'ฝ่ายขันธ์', 'battta@gmai.com', '0835461458', 'เลขที่ 32 ถ. ศรีนครินทร์ (ปากซอยศรีนครินทร์ 40) แขวงหนองบอน เขตประเวศ กทม.\r\n', 'TH0342010Y07', 'บริษัท แอดวานซ์ คอนเนคชั่น คอร์ปอเรชั่น จำกัด (มหาชน)\r\n'),
(6, '1309902512350', 'ณภัทร', 'สาครพานิช', 'nurayy@gmai.com', '0835461459', 'เลขที่ 65/113 ชั้น 12เอ อาคารชำนาญ เพ็ญชาติ บิสเนส เซ็นเตอร์ ถนนพระราม 9 แขวงห้วยขวาง เขตห้วยขวาง กทม.\r\n', 'TH0746010Y09', 'บริษัท อาดามัส อินคอร์ปอเรชั่น จำกัด (มหาชน)\r\n'),
(7, '1309902512351', 'ธนภูมิ', 'ดีดิษฐ', 'nuttttt@gmai.com', '0835461460', '252 หมู่ 4 ถนนสุขุมวิท ตำบลแพรกษา อำเภอเมืองสมุทรปราการ สมุทรปราการ\r\n', 'TH8295010004', 'บริษัท แอ็พพลาย ดีบี จำกัด (มหาชน)\r\n'),
(8, '1309902512352', 'ธรรดร', 'ใยบัณฑิตย์', 'barrrr@gmai.com', '0835461461', 'อาคารเอไอเอส ทาวเวอร์ 1, 414 ถนนพหลโยธิน แขวงสามเสนใน เขตพญาไท กทม.\r\n', 'TH0268010Z03', 'บริษัท แอดวานซ์ อินโฟร์ เซอร์วิส จำกัด (มหาชน)\r\n'),
(9, '1309902577789', 'นิติรัฐ', 'สีดารักษ์', 'bayyy@gmai.com', '0835461462', 'เลขที่ 63 อาคารแอทธินี ทาวเวอร์ ชั้น 17 ถนนวิทยุ แขวงลุมพินี เขตปทุมวัน กทม.\r\n', 'TH0658010Z05', 'บริษัทหลักทรัพย์ เออีซี จำกัด (มหาชน)\r\n'),
(10, '1309902577790', 'ปฐวีร์', 'บุญมี', 'faaaa@gmai.com', '0835461463', 'อาคารเอ็กเชน ทาวเวอร์ ชั้น 27, 388 ถนนสุขุมวิท แขวงคลองเตย เขตคลองเตย กทม.\r\n', 'TH0664010Z03', 'บริษัท อิออน ธนสินทรัพย์ (ไทยแลนด์) จำกัด (มหาชน)\r\n'),
(11, '1309902577791', 'ราชสิทธิ์', 'สามิภักดิ์', 'nuuu@gmai.com', '0835461464', 'เลขที่ 319 อาคารจัตุรัสจามจุรี ชั้น 20 ถนนพญาไท แขวงปทุมวัน เขตปทุมวัน กทม.\r\n', 'TH0787010Z02', 'บริษัท ไอร่า แฟคตอริ่ง จำกัด (มหาชน)\r\n'),
(12, '1309902577792', 'ฤติพงษ์', 'พลายเพลิด', 'gaddd@gmai.com', '0835461465', 'อาคารวอลล์สตรีททาวเวอร์ ชั้น 27, 33/133-136 ถนนสุรวงศ์ แขวงสุริยวงศ์ เขตบางรัก กทม.\r\n', 'TH0011010004', 'บริษัท เอเซียไฟเบอร์ จำกัด (มหาชน)\r\n'),
(13, '1309902577793', 'กษิดิ์เดช', 'บุญเจริญ', 'sadd@gmai.com', '0835461466', '273/1 ถนนพระราม 2 แขวงแสมดำ เขตบางขุนเทียน กทม.\r\n', 'TH0990010Z02', 'บริษัท เอเชีย กรีน เอนเนอจี จำกัด (มหาชน)\r\n'),
(14, '1309902577794', 'จิรายุส', 'สุขทวี', 'badd@gmai.com', '0835461467', '99 หมู่ 1 นิคมอุตสาหกรรมไฮเทค ตำบลบ้านเลน อำเภอบางปะอิน พระนครศรีอยุธยา\r\n', 'TH0688A10Z02', 'บริษัท อาปิโก ไฮเทค จำกัด (มหาชน)\r\n'),
(15, '1309902577795', 'ธนพล', 'ศิลปชัย', 'fett@gmai.com', '0835461468', '68/3 หมู่ 2 ถนนพระยาสัจจา ตำบลบ้านสวน อำเภอเมือง ชลบุรี\r\n', 'TH0281010Z06', 'บริษัท โรงพยาบาลเอกชล จำกัด (มหาชน)\r\n'),
(16, '1309902577796', 'พรภวิทย์', 'สงวนพันธุ์', 'seed@gmai.com', '0835461469', '254 ถนนเสรีไทย แขวงคันนายาว เขตคันนายาว กทม.\r\n', 'TH0790A10Z07', 'บริษัท เอเชียน อินซูเลเตอร์ จำกัด (มหาชน)\r\n'),
(17, '1309902577797', 'พิทยุตม์', 'ดีชู', 'baT@gmai.com', '0635475846', 'เลขที่ 55/2 หมู่ที่ 8 ถนนเศรษฐกิจ 1 ตำบลคลองมะเดื่อ อำเภอกระทุ่มแบน สมุทรสาคร\r\n', 'TH5085010Z06', 'บริษัท เอไอ เอนเนอร์จี จำกัด (มหาชน) \r\n'),
(18, '1309902577798', 'จิรศักดิ์', 'วิรุณพันธ์', 'hayy@gmai.com', '0635475847', 'เลขที่ 933, 935, 937, 939 ซอยอ่อนนุช 46 ถนนอ่อนนุช แขวงสวนหลวง เขตสวนหลวง กทม.\r\n', 'TH7550010006', 'บริษัท ออลล่า จำกัด (มหาชน)\r\n'),
(19, '1309902577799', 'ณัฐพล', 'ชมโชค', 'may@gmai.com', '0635475848', '792 หมู่ 2 ซอย 1 ซี/1 นิคมอุตสาหกรรมบางปู ซอย 1 ถนนสุขุมวิท ตำบลบางปูใหม่ อำเภอเมืองสมุทรปราการ สมุทรปราการ\r\n', 'TH4109010009', 'บริษัท อัคคีปราการ จำกัด (มหาชน)\r\n'),
(20, '1309902577800', 'ธนานันท์', 'วอนเพียร', 'asd@gmai.com', '0635475849', 'อาคารยู เอ็ม ทาวเวอร์ ชั้น 28, 9/291 ถนนรามคำแหง แขวงสวนหลวง เขตสวนหลวง กทม.\r\n', 'TH0914010Z02', 'บริษัท เอกรัฐวิศวกรรม จำกัด (มหาชน)\r\n'),
(21, '1309902577801', 'ศิวกร', 'กองสุข', 'ghy@gmai.com', '0635475850', '33/4 อาคารเดอะไนน์ ทาวเวอร์ ชั้นที่ 33 ทาวเวอร์ เอ ห้องเลขที่ TNA02 ถนนพระราม 9 แขวงห้วยขวาง เขตห้วยขวาง กทม.\r\n', 'TH7631010009', 'บริษัท อาม่า มารีน จำกัด (มหาชน)\r\n'),
(22, '1309902577802', 'สันติสุข', 'คมสัน', 'kaaa@gmai.com', '0635475851', '333 หมู่ที่ 7 ถนนเชิดวุฒากาศ แขวงสีกัน เขตดอนเมือง กทม.\r\n', 'TH0765010Z08', 'บริษัท ท่าอากาศยานไทย จำกัด (มหาชน)\r\n'),
(23, '1309902577803', 'อภินันท์', 'แก้วอุดร', 'gg@gmai.com', '0635475852', 'อาคารโอเชี่ยนทาวเวอร์ 1 ชั้น 18, 170/57 ถนนรัชดาภิเษกตัดใหม่ แขวงคลองเตย เขตคลองเตย กทม.\r\n', 'TH0308010Y08', 'บริษัท เอพี (ไทยแลนด์) จำกัด (มหาชน)\r\n'),
(24, '1309902577804', 'เกียรติศักดิ์', 'ชนะวิโรจน์', 'yy@gmai.com', '0635475853', '388 อาคารไอบีเอ็ม ชั้น 16 บี ถนนพหลโยธิน แขวงสามเสนใน เขตพญาไท กทม.\r\n', 'TH7188010006', 'บริษัท เอเอสเอ็น โบรกเกอร์ จำกัด (มหาชน)\r\n'),
(25, '1309902577805', 'ณัฐนนท์', 'บุญเรือง', 'ff@gmai.com', '0635475854', 'อาคารสาธรซิตี้ทาวเวอร์ ชั้น 3,9 และ11, 175 ถนนสาทรใต้ แขวงทุ่งมหาเมฆ เขตสาธร กทม.\r\n', 'TH0137A10Y00', 'บริษัท เอเซีย พลัส กรุ๊ป โฮลดิ้งส์ จำกัด (มหาชน)\r\n'),
(26, '1309902577806', 'พัสกร', 'กลกสินธ์', 'kk@gmai.com', '0635475855', '296 ถนนพญาไท แขวงถนนเพชรบุรี เขตราชเทวี กทม.\r\n', 'TH0156010009', 'บริษัท เอเชียโฮเต็ล จำกัด (มหาชน)\r\n'),
(27, '1309902577807', 'วัฒนา', 'ไชยทองยศ', 'ooop@gmai.com', '0635475856', 'อาคารเพลินจิตทาวเวอร์ ชั้น 7, 898 ถนนเพลินจิต แขวงลุมพินี เขตปทุมวัน กทม.\r\n', 'TH0093010Y06', 'บริษัท ศรีอยุธยา แคปปิตอล จำกัด (มหาชน)\r\n'),
(28, '1309902577808', 'อดิศักดิ์', 'อ้นชูกุล', 'dar@gmai.com', '0635475857', 'บ้านเลขที่ 118 หมู่3 ต.คำหว้า อ.ตาลสุม อุบลราชธานี\r\n', 'TH3437010004', 'บริษัท เอเชีย เอวิเอชั่น จำกัด (มหาชน)\r\n'),
(29, '1309902577809', 'อัศวิน', 'ภักดีพันธุ์', 'fds@gmai.com', '0635475858', '700/199 หมู่ที่ 1 ตำบลบ้านเก่า อำเภอพานทอง ชลบุรี\r\n', 'TH0186010Z07', 'บริษัท เอบิโก้ โฮลดิ้งส์ จำกัด (มหาชน)\r\n'),
(30, '1309902577810', 'ฉัตรเฉลิม', 'ชาญศรี', 'lkj@gmai.com', '0635475859', 'เลขที่ 5 หมู่ที่ 1 ถนนพระราม 2 ตำบลคอกกระบือ อำเภอเมืองสมุทรสาคร สมุทรสาคร\r\n', 'TH4745010009', ' กองทุนรวมโครงสร้างพื้นฐานโรงไฟฟ้า อมตะ บี.กริม เพาเวอร์\r\n'),
(31, '1309902577811', 'ชัชรินวิชญ์', 'จันทร์ปา', 'fds@gmai.com', '0635475860', 'เลขที่ 102 ถนนริมคลองบางกะปิ แขวงบางกะปิ เขตห้วยขวาง กทม.\r\n', 'TH0880010Z05', 'บริษัท เอเชีย แคปปิตอล กรุ๊ป จำกัด (มหาชน)\r\n'),
(32, '1309902577812', 'ณัฐพล', 'กลั่นตา', 'dsa@gmai.com', '0635475861', 'เลขที่ 9 อาคารยู.เอ็ม.ทาวเวอร์ ห้องเลขที่ 9 / 283 - 5 ชั้น 28 ถนนรามคำแหง แขวงสวนหลวง เขตสวนหลวง กทม.\r\n', 'TH0342010Y07', 'บริษัท แอดวานซ์ คอนเนคชั่น คอร์ปอเรชั่น จำกัด (มหาชน)\r\n'),
(33, '1309902577813', 'ธนภัทร', 'โพธิ์อุดม', 'ggt@gmai.com', '0635475862', 'เลขที่ 31 หมู่ 1 ตำบลพานทอง อำเภอพานทอง ชลบุรี\r\n', 'TH0746010Y09', 'บริษัท อาดามัส อินคอร์ปอเรชั่น จำกัด (มหาชน)\r\n'),
(34, '1309902577814', 'บวรพจน์', 'ขุนศรี', 'ppt@gmai.com', '0635475863', 'เลขที่ 99 หมู่ที่ 14 ถนนวิภาวดีรังสิต แขวงจอมพล เขตจตุจักร กทม.\r\n', 'TH8295010004', 'บริษัท แอ็พพลาย ดีบี จำกัด (มหาชน)\r\n'),
(35, '1309902577815', 'ปรเมศ', 'อำไพร', 'hhy@gmai.com', '0945688741', '171/2 ถนนกำแพงเพชร 6 แขวงดอนเมือง เขตดอนเมือง กทม.\r\n', 'TH0268010Z03', 'บริษัท แอดวานซ์ อินโฟร์ เซอร์วิส จำกัด (มหาชน)\r\n'),
(36, '1309902577816', 'ภาคภูมิ', 'บุญเจริญ', 'ffr@gmai.com', '0945688742', 'อาคารธนภูมิ ชั้น 26-28, 1550 ถนนเพชรบุรีตัดใหม่ แขวงมักกะสัน เขตราชเทวี กทม.\r\n', 'TH0658010Z05', 'บริษัทหลักทรัพย์ เออีซี จำกัด (มหาชน)\r\n'),
(37, '1309902577817', 'ยุทธพงษ์', 'วงกาวิล', 'fre@gmai.com', '0945688743', '1222 ถนนพระราม 3 แขวงบางโพงพาง เขตยานนาวา กทม.\r\n', 'TH0664010Z03', 'บริษัท อิออน ธนสินทรัพย์ (ไทยแลนด์) จำกัด (มหาชน)\r\n'),
(38, '1309902577818', 'โรจนัสถ์', 'แป่มจำนัก', 'dde@gmai.com', '0945688744', '44 หมู่ 4 ตำบลปากเกร็ด อำเภอปากเกร็ด นนทบุรี\r\n', 'TH0787010Z02', 'บริษัท ไอร่า แฟคตอริ่ง จำกัด (มหาชน)\r\n'),
(39, '1209914578001', 'ศรวิษฐ์', 'เส้งสีแดง', 'sss@gmai.com', '0945688745', '387 หมู่ 4 นิคมอุตสาหกรรมบางปู ซอยพัฒนา 3 ถนนสุขุมวิท ตำบลแพรกษา อำเภอเมือง สมุทรปราการ\r\n', 'TH0011010004', 'บริษัท เอเซียไฟเบอร์ จำกัด (มหาชน)\r\n'),
(40, '1209914578002', 'ศุภฤกษ์', 'แจ้งจำรัส', 'bbg@gmai.com', '0945688746', '333 ถนนสีลม เขตบางรัก กทม.\r\n', 'TH0990010Z02', 'บริษัท เอเชีย กรีน เอนเนอจี จำกัด (มหาชน)\r\n'),
(41, '1209914578003', 'หฤษฎ์', 'โชติศิริ', 'ddd@gmai.com', '0945688747', '44 หมู่ 4 ตำบลปากเกร็ด อำเภอปากเกร็ด นนทบุรี\r\n', 'TH0688A10Z02', 'บริษัท อาปิโก ไฮเทค จำกัด (มหาชน)\r\n'),
(42, '1209914578004', 'อภิรัฐ', 'ยันอินทร์', 'sss@gmai.com', '0945688748', 'เลขที่ 2098 อาคารเอ็ม ทาวเวอร์ ชั้น 8 ถนนสุขุมวิท แขวงพระโขนงใต้ เขตพระโขนง กทม.\r\n', 'TH0281010Z06', 'บริษัท โรงพยาบาลเอกชล จำกัด (มหาชน)\r\n'),
(43, '1209914578005', 'มนต์นภา', 'สุขวัฒนาสินิทธ์', 'xsa@gmai.com', '0945688749', 'อาคาร เอ็ม ทาวเวอร์ ชั้น 12 เลขที่ 2098 ถนนสุขุมวิท แขวงบางจาก เขตพระโขนง กทม.\r\n', 'TH0790A10Z07', 'บริษัท เอเชียน อินซูเลเตอร์ จำกัด (มหาชน)\r\n'),
(44, '1209914578006', 'อนุสราพร', 'บุญจันทร์', 'qwe@gmai.com', '0945688750', 'อาคาร เอ็ม ทาวเวอร์ ชั้น 12 เลขที่ 2098 ถนนสุขุมวิท แขวงบางจาก เขตพระโขนง กทม.\r\n', 'TH5085010Z06', 'บริษัท เอไอ เอนเนอร์จี จำกัด (มหาชน) \r\n'),
(45, '1209914578007', 'กิ่งกมล', 'เกื้อประโคน', 'wer@gmai.com', '0945688751', 'เลขที่ 2 ซอยศูนย์วิจัย 7 ถนนเพชรบุรีตัดใหม่ แขวงบางกะปิ เขตห้วยขวาง กทม.\r\n', 'TH7550010006', 'บริษัท ออลล่า จำกัด (มหาชน)\r\n'),
(46, '1209914578008', 'เจนนิสา', 'ชูอิ่ม', 'dfhy@gmai.com', '0945688752', 'เลขที่ 10/915 ซอยนวลจันทร์ 34 แขวงนวลจันทร์ เขตบึงกุ่ม กทม.\r\n', 'TH4109010009', 'บริษัท อัคคีปราการ จำกัด (มหาชน)\r\n'),
(47, '1209914578009', 'กมลทิพย์', 'คำพล', 'loi@gmai.com', '0945688753', 'อาคารมาลีนนท์ ทาวเวอร์, 3199 ถนนพระรามสี่ แขวงคลองตัน เขตคลองเตย กทม.\r\n', 'TH0914010Z02', 'บริษัท เอกรัฐวิศวกรรม จำกัด (มหาชน)\r\n'),
(48, '1209914578010', 'ณัฐวรรณ', 'ชื่นอารมย์', 'nhy@gmai.com', '0945688754', '587 ถนนสุทธิสารวินิจฉัย แขวงดินแดง เขตดินแดง กทม.\r\n', 'TH7631010009', 'บริษัท อาม่า มารีน จำกัด (มหาชน)\r\n'),
(49, '1209914578011', 'ธัญล์พัชร์', 'แสงสุรินทร์', 'mju@gmai.com', '0945688755', 'อาคารกรุงเทพประกันภัย ชั้น 23, 25 ถนนสาทรใต้ แขวงทุ่งมหาเมฆ เขตสาทร กทม.\r\n', 'TH0765010Z08', 'บริษัท ท่าอากาศยานไทย จำกัด (มหาชน)\r\n'),
(50, '1209914578012', 'นิธิวดี', 'หวานเสนาะ', 'nut18899@gmai.com', '0945688756', '5 ถนนกรุงเทพกรีฑา แขวงหัวหมาก เขตบางกะปิ กทม.\r\n', 'TH0308010Y08', 'บริษัท เอพี (ไทยแลนด์) จำกัด (มหาชน)\r\n');

-- --------------------------------------------------------

--
-- Table structure for table `deliver`
--

CREATE TABLE `deliver` (
  `id` int(4) NOT NULL,
  `car_id` int(2) DEFAULT NULL,
  `em_id` int(2) DEFAULT NULL,
  `date` date DEFAULT NULL,
  `distance` decimal(6,1) DEFAULT NULL,
  `status` tinyint(1) DEFAULT NULL
) ENGINE=InnoDB DEFAULT CHARSET=latin1;

--
-- Dumping data for table `deliver`
--

INSERT INTO `deliver` (`id`, `car_id`, `em_id`, `date`, `distance`, `status`) VALUES
(1, 3, 20, '2015-02-02', '50.0', 1),
(2, 5, 21, '2015-02-02', '30.0', 1),
(3, 5, 22, '2015-02-04', '20.2', 1),
(4, 4, 23, '2015-02-03', '60.0', 1),
(5, 5, 29, '2015-02-03', '50.0', 1),
(6, 5, 30, '2015-02-05', '60.5', 1),
(7, 2, 31, '2015-02-05', '10.0', 1),
(8, 6, 30, '2015-02-07', '300.8', 1),
(9, 3, 20, '2015-02-08', '20.4', 1),
(10, 7, 21, '2015-02-08', '150.6', 1);

-- --------------------------------------------------------

--
-- Table structure for table `detail_deliver`
--

CREATE TABLE `detail_deliver` (
  `id` int(4) NOT NULL,
  `op_id` int(4) DEFAULT NULL,
  `de_id` int(4) DEFAULT NULL,
  `status` tinyint(1) DEFAULT NULL
) ENGINE=InnoDB DEFAULT CHARSET=latin1;

--
-- Dumping data for table `detail_deliver`
--

INSERT INTO `detail_deliver` (`id`, `op_id`, `de_id`, `status`) VALUES
(1, 1, 1, 1),
(2, 2, 2, 1),
(3, 3, 3, 1),
(4, 4, 4, 1),
(5, 5, 5, 1),
(6, 6, 6, 1),
(7, 7, 7, 1),
(8, 8, 8, 1),
(9, 9, 9, 1),
(10, 10, 10, 1),
(11, 10, 10, 1);

-- --------------------------------------------------------

--
-- Table structure for table `detail_manufacture`
--

CREATE TABLE `detail_manufacture` (
  `id` int(4) NOT NULL,
  `pd_id` int(2) DEFAULT NULL,
  `mn_id` int(4) DEFAULT NULL,
  `unit` smallint(6) DEFAULT NULL
) ENGINE=InnoDB DEFAULT CHARSET=latin1;

--
-- Dumping data for table `detail_manufacture`
--

INSERT INTO `detail_manufacture` (`id`, `pd_id`, `mn_id`, `unit`) VALUES
(1, 9, 1, 380),
(2, 19, 1, 380),
(3, 4, 2, 800),
(4, 14, 2, 800),
(5, 17, 3, 1100),
(6, 20, 4, 1250),
(7, 1, 5, 520),
(8, 2, 5, 1000),
(9, 3, 6, 1050),
(10, 4, 6, 1050),
(11, 5, 6, 1050),
(12, 1, 7, 1230),
(13, 5, 8, 2400),
(14, 15, 8, 2400),
(15, 18, 9, 1520),
(16, 9, 8, 600),
(17, 1, 10, 100),
(18, 1, 10, 200),
(19, 1, 11, 500);

-- --------------------------------------------------------

--
-- Table structure for table `detail_order_material`
--

CREATE TABLE `detail_order_material` (
  `ID` int(4) NOT NULL,
  `om_id` int(4) DEFAULT NULL,
  `m_id` int(2) DEFAULT NULL,
  `price` int(11) DEFAULT NULL,
  `unit` int(11) DEFAULT NULL
) ENGINE=InnoDB DEFAULT CHARSET=latin1;

--
-- Dumping data for table `detail_order_material`
--

INSERT INTO `detail_order_material` (`ID`, `om_id`, `m_id`, `price`, `unit`) VALUES
(1, 1, 1, 45000, 1000),
(2, 2, 1, 67500, 1500),
(3, 3, 2, 40000, 1000),
(4, 4, 2, 48000, 1200),
(5, 5, 3, 5000, 100),
(6, 5, 13, 6000, 100),
(7, 5, 12, 6000, 100),
(8, 6, 23, 3000, 50),
(9, 6, 20, 9000, 150),
(10, 6, 10, 3000, 50),
(11, 7, 1, 90000, 2000),
(12, 8, 2, 120000, 3000);

-- --------------------------------------------------------

--
-- Table structure for table `detail_order_product`
--

CREATE TABLE `detail_order_product` (
  `id` int(4) NOT NULL,
  `op_id` int(4) DEFAULT NULL,
  `pd_id` int(2) DEFAULT NULL,
  `price` int(11) DEFAULT NULL,
  `unit` smallint(6) DEFAULT NULL
) ENGINE=InnoDB DEFAULT CHARSET=latin1;

--
-- Dumping data for table `detail_order_product`
--

INSERT INTO `detail_order_product` (`id`, `op_id`, `pd_id`, `price`, `unit`) VALUES
(1, 1, 1, 6000, 100),
(2, 1, 2, 12000, 200),
(3, 1, 4, 6000, 100),
(4, 2, 7, 30000, 500),
(5, 3, 10, 6000, 100),
(6, 3, 20, 3000, 50),
(7, 4, 19, 3000, 50),
(8, 4, 9, 6000, 100),
(9, 4, 8, 18000, 300),
(10, 4, 4, 3000, 50),
(11, 5, 5, 24000, 400),
(12, 6, 18, 12000, 200),
(13, 6, 10, 6000, 100),
(14, 7, 17, 18000, 300),
(15, 8, 4, 21000, 700),
(16, 9, 8, 6000, 100),
(17, 10, 16, 3000, 50),
(18, 10, 17, 3000, 50),
(19, 10, 1, 9000, 150),
(20, 10, 2, 3000, 50),
(21, 10, 4, 18000, 300);

-- --------------------------------------------------------

--
-- Table structure for table `detail_receiving_materials`
--

CREATE TABLE `detail_receiving_materials` (
  `id` int(4) NOT NULL,
  `rm_id` int(4) DEFAULT NULL,
  `m_id` int(2) DEFAULT NULL,
  `unit` int(11) DEFAULT NULL
) ENGINE=InnoDB DEFAULT CHARSET=latin1;

--
-- Dumping data for table `detail_receiving_materials`
--

INSERT INTO `detail_receiving_materials` (`id`, `rm_id`, `m_id`, `unit`) VALUES
(1, 1, 1, 1000),
(2, 2, 2, 1500),
(3, 3, 2, 1000),
(4, 4, 2, 1200),
(5, 5, 3, 100),
(6, 5, 13, 100),
(7, 5, 12, 100),
(8, 6, 23, 50),
(9, 6, 20, 150),
(10, 6, 10, 50),
(11, 7, 1, 2000),
(12, 8, 2, 3000);

-- --------------------------------------------------------

--
-- Table structure for table `detail_requistion`
--

CREATE TABLE `detail_requistion` (
  `id` int(4) NOT NULL,
  `rq_id` int(4) DEFAULT NULL,
  `m_id` int(2) DEFAULT NULL,
  `umit` smallint(6) DEFAULT NULL
) ENGINE=InnoDB DEFAULT CHARSET=latin1;

--
-- Dumping data for table `detail_requistion`
--

INSERT INTO `detail_requistion` (`id`, `rq_id`, `m_id`, `umit`) VALUES
(1, 1, 1, 300),
(2, 1, 2, 500),
(3, 1, 3, 10),
(4, 1, 12, 5),
(5, 1, 22, 5),
(6, 2, 1, 600),
(7, 2, 2, 1000),
(8, 2, 3, 20),
(9, 2, 7, 10),
(10, 2, 10, 10),
(11, 3, 1, 400),
(12, 3, 2, 750),
(13, 3, 3, 5),
(14, 3, 20, 5),
(15, 4, 1, 500),
(16, 4, 2, 800),
(17, 4, 3, 10),
(18, 4, 23, 10),
(19, 5, 1, 600),
(20, 5, 2, 1000),
(21, 5, 3, 5),
(22, 5, 4, 5),
(23, 5, 5, 10),
(24, 6, 1, 1300),
(25, 6, 2, 2000),
(26, 6, 3, 50),
(27, 6, 16, 20),
(28, 6, 17, 20),
(29, 6, 18, 20),
(30, 7, 1, 500),
(31, 7, 2, 800),
(32, 7, 3, 10),
(33, 7, 4, 10),
(34, 8, 1, 2000),
(35, 8, 2, 3000),
(36, 8, 3, 50),
(37, 8, 8, 50),
(38, 8, 18, 50),
(39, 9, 1, 600),
(40, 9, 2, 1000),
(41, 9, 3, 10),
(42, 9, 21, 10);

-- --------------------------------------------------------

--
-- Table structure for table `detail_storage`
--

CREATE TABLE `detail_storage` (
  `id` int(4) NOT NULL,
  `s_id` int(4) DEFAULT NULL,
  `pd_id` int(2) DEFAULT NULL,
  `unit` smallint(6) DEFAULT NULL
) ENGINE=InnoDB DEFAULT CHARSET=latin1;

--
-- Dumping data for table `detail_storage`
--

INSERT INTO `detail_storage` (`id`, `s_id`, `pd_id`, `unit`) VALUES
(1, 1, 9, 380),
(2, 1, 19, 380),
(3, 2, 4, 800),
(4, 2, 14, 800),
(5, 3, 17, 1100),
(6, 4, 20, 1250),
(7, 5, 1, 520),
(8, 5, 2, 1000),
(9, 6, 3, 1050),
(10, 6, 3, 1050),
(11, 6, 4, 1050),
(12, 7, 1, 1230),
(13, 8, 5, 2400),
(14, 8, 15, 2400),
(15, 9, 18, 1520);

-- --------------------------------------------------------

--
-- Table structure for table `employee`
--

CREATE TABLE `employee` (
  `id` int(3) NOT NULL,
  `jp_id` int(2) DEFAULT NULL,
  `fname` varchar(55) CHARACTER SET utf8 DEFAULT NULL,
  `lname` varchar(55) CHARACTER SET utf8 DEFAULT NULL,
  `idcard` char(13) CHARACTER SET latin1 DEFAULT NULL,
  `email` varchar(40) CHARACTER SET latin1 DEFAULT NULL,
  `phone` char(10) CHARACTER SET latin1 DEFAULT NULL,
  `address` varchar(255) CHARACTER SET utf8 DEFAULT NULL,
  `gender` char(1) CHARACTER SET latin1 DEFAULT NULL,
  `birthday` date DEFAULT NULL,
  `education` varchar(20) CHARACTER SET utf8 DEFAULT NULL,
  `nation` varchar(20) CHARACTER SET utf8 DEFAULT NULL,
  `hiredate` date DEFAULT NULL,
  `wage` smallint(6) DEFAULT NULL
) ENGINE=InnoDB DEFAULT CHARSET=latin1 COLLATE=latin1_general_ci;

--
-- Dumping data for table `employee`
--

INSERT INTO `employee` (`id`, `jp_id`, `fname`, `lname`, `idcard`, `email`, `phone`, `address`, `gender`, `birthday`, `education`, `nation`, `hiredate`, `wage`) VALUES
(1, 3, 'วัชรินทร์', 'เหลืองกานนท์', '2513685510012', 'watchara@gmail.com', '0815213260', '1636 หมู่บ้านสราลี ซอย 4 ต.เทพารักษ์ อ.เมือง จ.สมุทรปราการ 10270\r\n', 'M', '1970-12-02', 'ป.โท', 'ไทย', '1995-01-10', 32000),
(2, 3, 'ชาตรี', 'พิริยะเมธี', '2513685510013', 'chatree@gmail.com', '0815213261', '1635 ถ.เทพารักษ์ ต.เทพารักษ์ อ.เมือง\r\n จ.สมุทรปราการ 10270\r\n', 'M', '1967-03-17', 'ป.โท', 'ไทย', '2013-07-16', 18000),
(3, 2, 'เดือนฉาย', 'ผลเรือง', '2513685510014', 'daw@gmail.com', '0815213262', '1 ม.4 ถ.เทพารักษ์ ต.เทพารักษ์ อ.เมืองจ.สมุทรปราการ 10270', 'F', '1970-04-10', 'ป.เอก', 'ไทย', '2011-03-17', 25000),
(4, 2, 'จุฬาลักษณ์', 'ฉายละออ', '2513685510015', 'kunpha@gmail.com', '0815213263', '2129/43 ม .4 หมู่บ้าน มาย์ โฮม ทาวน์ ถ.เทพารักษ์ ต.เทพารักษ์ อ.เมือง จ.สมุทรปราการ 10270\r\n', 'F', '1978-07-10', 'ป.โท', 'ไทย', '2010-11-10', 22000),
(5, 5, 'ศุภานัน', 'วงศรีเทพ', '2513685510016', 'supanun@gmail.com', '0815213264', 'ม.4 1545 ซ.นารายณ์ 1 ถ.เทพารักษ์ ต.เทพารักษ์ อ.เมือง จ.สมุทรปราการ 10270\r\n', 'F', '1967-11-13', 'ม.3', 'ไทย', '2003-01-03', 18000),
(6, 4, 'อดิศักดิ์', 'แว่นใหญ่', '2513685510017', 'adisak@gmail.com', '0815213265', '1633 ม.4 ถ.เทพารักษ์ ต.เทพารักษ์ อ.เมือง จ.สมุทรปราการ 1027\r\n', 'M', '1987-11-19', 'ป.โท', 'ไทย', '2011-09-28', 20000),
(7, 2, 'วรรณา', 'โทนแก้ว', '2513685510018', 'wanna@gmail.com', '0815213266', '505 ม.4 ถ.เทพารักษ์ ต.เทพารักษ์ อ.เมือง จ.สมุทรปราการ 10270\r\n', 'F', '1971-10-05', 'ป.ตรี', 'ไทย', '1996-09-13', 30000),
(8, 5, 'อเนก', 'นรมาตย์', '2513685510019', 'anak@gmail.com', '0815213267', '9 ถ.เทพารักษ์ ต.เทพารักษ์ อ.เมือง จ.สมุทรปราการ 10270\r\n', 'M', '1978-03-02', 'ม.6', 'ไทย', '1997-08-30', 20000),
(9, 9, 'ลลดา', 'สายาพัฒน์', '2513685510010', 'lalada@gmail.com', '0815213268', '618  ซ.เทพารักษ์ 18 อ.เมือง จ.สมุทรปราการ 10270\r\n', 'F', '1976-05-18', 'ม.6', 'ไทย', '2012-07-04', 12000),
(10, 9, 'แทนขวัญ', 'พันธสี', '2513685510011', 'tan@gmail.com', '0815213269', '2129/3 ม.4 ถ.เทพารักษ์ ต.เทพารักษ์ อ.เมือง จ.สมุทรปราการ 10270\r\n', 'F', '1992-07-18', 'ปวส', 'ไทย', '2012-07-04', 15000),
(11, 5, 'ฐิติมา', 'เย็นเยือก', '2513685510020', 'tidima@gmail.com', '0815213270', '2129/195 ม.4 ถ.เทพารักษ์ ต.เทพารักษ์ อ.เมือง จ.สมุทรปราการ 10270\r\n', 'F', '1992-07-18', 'ม.6', 'ไทย', '2009-04-28', 15000),
(12, 4, 'พิสิษฐ์', 'บุตตะกุล', '2513685510021', 'pisit@gmail.com', '0815213271', '1989 ซ.เทพารักษ์ 14 ต.เทพารักษ์ อ.เมือง จ.สมุทรปราการ 10270\r\n', 'M', '1977-07-16', 'ปวส', 'ไทย', '2014-03-03', 25000),
(13, 5, 'ศิริพร', 'แทนวัน', '2513685510022', 'siripon@gmail.com', '0815213272', '323/3 ถ.เทพารักษ์ ต.สำโรงเหนือ อ.เมือง จ.สมุทรปราการ 10270\r\n', 'F', '1982-09-09', 'ม.3', 'ไทย', '2000-07-03', 15000),
(14, 5, 'สายฝน', 'จันทร์ชูผล', '2513685510023', 'fon@gmail.com', '0815213273', '2103 ถ.เทพารักษ์ ต.เทพารักษ์ อ.เมือง จ.สมุทรปราการ 10270\r\n', 'F', '1971-08-06', 'ม.6', 'ไทย', '2011-12-06', 18500),
(15, 5, 'ธเนศ', 'วีระพงศ์ยุติธ์', '2513685510024', 'tee@gmail.com', '0815213274', '2111/4 ม.4 ถ.เทพารักษ์ ต.เทพารักษ์ อ.เมือง จ.สมุทรปราการ 10270\r\n', 'M', '1979-09-01', 'ปวช', 'ไทย', '1998-06-28', 23000),
(16, 4, 'เกรียงศักดิ์', 'สุขศรีแก้ว', '2513685510025', 'vee@gmail.com', '0815213275', '2119 ม.4 ถ.เทพารักษ์ ต.เทพารักษ์ อ.เมือง จ.สมุทรปราการ 10270\r\n', 'M', '1967-10-19', 'ปวส', 'ไทย', '1992-06-01', 25000),
(17, 4, 'ดนุพร', 'ชูโชติ', '2513685510026', 'pon@gmail.com', '0815213276', '1953 ถ.เทพารักษ์ ต.เทพารักษ์ อ.เมือง จ.สมุทรปราการ 10270\r\n', 'M', '1972-01-17', 'ปวส', 'ไทย', '1998-01-28', 20000),
(18, 5, 'จิตทิพย์', 'พาหุบุตร', '2513685510027', 'tip@gmail.com', '0815213277', 'ถ.เทพารักษ์ ต.เทพารักษ์ อ.เมือง จ.สมุทรปราการ 10270\r\n', 'F', '1958-06-14', 'ม.3', 'ไทย', '2008-12-19', 20000),
(19, 5, 'มุกดา', 'สังข์ทอง', '2513685510028', 'pim@gmail.com', '0815213278', '38/1 ม.4 ถ.เทพารักษ์ ต.เทพารักษ์ อ.เมือง จ.สมุทรปราการ 10270\r\n', 'F', '1977-06-16', 'ม.6', 'ไทย', '2001-03-24', 23000),
(20, 6, 'วิรัตน์', ' เนรมัติ', '2513685510029', 'wee@gmail.com', '0815213279', '38/2 ม.4 ถ.เทพารักษ์ ต.เทพารักษ์ อ.เมือง จ.สมุทรปราการ 10270\r\n', 'M', '1971-12-28', 'ปวช', 'ไทย', '1993-07-06', 20000),
(21, 6, 'โกวิทย์', 'บุญตอม', '2513685510030', 'wit@gmail.com', '0815213280', '939 หมู่ 5, ถนนเทพารักษ์, ตำบลสำโรงเหนือ อำเภอเมือง จังหวัดสมุทรปราการ, 10270 ตำบลเทพารักษ์ อำเภอเมืองสมุทรปราการ สมุทรปราการ 10270\r\n', 'M', '1985-04-07', 'ปวช', 'ไทย', '2003-11-25', 15000),
(22, 6, 'วรวุฒิ', 'ขุมทอง', '2513685510031', 'wut@gmail.com', '0815213281', '1526/14  ต.เทพารักษ์ อ.เมือง จ.สมุทรปราการ 10270\r\n', 'M', '1979-02-22', 'ม.3', 'ไทย', '2004-05-05', 15000),
(23, 6, 'กิติศักดิ์', 'สิรัมย์', '2513685510032', 'kitisak@gmail.com', '0815213282', '1526/55 ม.4 ถ.เทพารักษ์ ต.เทพารักษ์ อ.เมือง จ.สมุทรปราการ 10270\r\n', 'M', '1972-10-04', 'ม.6', 'ไทย', '1996-06-21', 18000),
(24, 8, 'ชยากร', 'เต็มรัมย์', '2513685510033', 'chayakorn@gmail.com', '0815213283', '1358/17 ม.4 ถ.เทพารักษ์ กม.1 อ.เมือง จ.สมุทรปราการ 10270\r\n', 'M', '1969-04-13', 'ปวช', 'ไทย', '1993-01-01', 20000),
(25, 8, 'อภิเชษฐ์', 'ภูเดช', '2513685510034', 'api@gmail.com', '0815213284', '1358/7 ซ.เทพารักษ์ 4 ต.เทพารักษ์ อ.เมือง จ.สมุทรปราการ 10270\r\n', 'M', '1977-02-09', 'ปวช', 'ไทย', '2001-08-01', 15000),
(26, 8, 'พิรุฬห์คณุตม์', 'ผาดไธสง', '2513685510035', 'ape@gmail.com', '0815213285', '1358/2 ต.เทพารักษ์ อ.เมือง จ.สมุทรปราการ 10270 \r\n', 'M', '1977-10-19', 'ม.6', 'ไทย', '2011-10-13', 13000),
(27, 7, 'ทักษ์', 'ศาลางาม', '2513685510036', 'korn@gmail.com', '0815213286', '2014/32 ถ.เทพารักษ์ ต.เทพารักษ์ อ.เมือง จ.สมุทรปราการ 10270\r\n', 'M', '1977-01-17', 'ม.3', 'ไทย', '1992-02-02', 20000),
(28, 7, 'กำธร', 'โอสถจันทร์', '2513685510037', 'kem@gmail.com', '0815213287', '2014/32 ถ.เทพารักษ์ ต.บางเมือง อ.เมือง จ.สมุทรปราการ 10270\r\n', 'M', '1992-06-14', 'ม.6', 'ไทย', '2012-02-06', 15000),
(29, 6, 'กิตติพงศ์', 'คำจินดา', '2513685510038', 'kim@gmail.com', '0815213288', '2014/31 ซ.เทพารักษ์ 4 ต.เทพารักษ์ อ.เมือง จ.สมุทรปราการ 10270\r\n', 'M', '1995-06-16', 'ปวช', 'ไทย', '2010-08-19', 17500),
(30, 6, 'จรูญ', 'คำมาบุตร', '2513685510039', 'him@gmail.com', '0815213289', '1548/1 ถ.เทพารักษ์ ต.เทพารักษ์ อ.เมือง จ.สมุทรปราการ 10270\r\n', 'M', '1991-07-11', 'ม.3', 'ไทย', '2013-01-06', 15000),
(31, 6, 'เมถุน', 'ครุศาสตร์', '2513685510040', 'haa@gmail.com', '0815213290', '1791/6  ถ.เทพารักษ์ ต.เทพารักษ์ อ.เมือง จ.สมุทรปราการ 10270\r\n', 'M', '1971-02-22', 'ม.6', 'ไทย', '1992-05-16', 20000),
(32, 7, 'วิชัย', 'พุฒบรรจง', '2513685510041', 'sky@gmail.com', '0815213291', '2930/ ซ.สินสมบูรณ์ 13 ถ.เทพารักษ์ อ.เมือง จ.สมุทรปราการ 10280\r\n', 'M', '1978-10-04', 'ปวช', 'ไทย', '1995-04-19', 20000),
(33, 6, 'สัญญา', 'เป้าชัง', '2513685510042', 'poom@gmail.com', '0815213292', '1710  ม.4 ถ.เทพารักษ์ ต.เทพารักษ์ อ.เมือง จ.สมุทรปราการ 10270\r\n', 'M', '1984-04-13', 'ปวส', 'ไทย', '1998-01-27', 18500),
(34, 5, 'sdasd', 'adsa', '1229900798747', 'sdsfsdfdsfs', '081110435', 'dsfsdfdggfh', 'M', '2561-02-21', 'ad', 'gretertwe', '2561-02-21', 1500);

-- --------------------------------------------------------

--
-- Table structure for table `job_detail`
--

CREATE TABLE `job_detail` (
  `id` int(5) NOT NULL,
  `em_id` int(3) DEFAULT NULL,
  `jt_id` int(1) DEFAULT '1',
  `in_time` varchar(5) DEFAULT NULL,
  `out_time` varchar(5) DEFAULT NULL,
  `date` date DEFAULT NULL,
  `hours` varchar(5) DEFAULT NULL
) ENGINE=InnoDB DEFAULT CHARSET=latin1;

--
-- Dumping data for table `job_detail`
--

INSERT INTO `job_detail` (`id`, `em_id`, `jt_id`, `in_time`, `out_time`, `date`, `hours`) VALUES
(1, 1, 1, '9', '17', '2015-02-02', '8'),
(2, 2, 1, '9.30', '17.30', '2015-02-02', '8'),
(3, 3, 1, '10', '17', '2015-02-02', '7'),
(4, 4, 1, '9', '17', '2015-02-02', '8'),
(5, 5, 1, '9', '17', '2015-02-02', '8'),
(6, 5, 2, '18', '20', '2015-02-02', '2'),
(7, 6, 1, '9', '17', '2015-02-02', '8'),
(8, 7, 1, '10', '16', '2015-02-02', '6'),
(9, 8, 1, '9', '17', '2015-02-02', '8'),
(10, 8, 2, '17', '20', '2015-02-02', '3'),
(11, 9, 1, '9', '17', '2015-02-02', '8'),
(12, 1, 1, '9', '17', '2015-02-03', '8'),
(13, 1, 1, 'dsfks', '', '2561-02-21', ''),
(14, 34, 1, '9.30', '17.30', '2561-02-21', '12');

-- --------------------------------------------------------

--
-- Table structure for table `job_position`
--

CREATE TABLE `job_position` (
  `id` int(2) NOT NULL,
  `name` varchar(55) DEFAULT NULL
) ENGINE=InnoDB DEFAULT CHARSET=utf8;

--
-- Dumping data for table `job_position`
--

INSERT INTO `job_position` (`id`, `name`) VALUES
(1, 'เจ้าของกิจการ'),
(2, 'บัญชี'),
(3, 'ช่างเป่า'),
(4, 'ช่างเครื่อง'),
(5, 'พนักงานทั่วไป'),
(6, 'พนักงานขนส่ง'),
(7, 'พนักงานขับรถ'),
(8, 'ยาม'),
(9, 'รับออเดอร์');

-- --------------------------------------------------------

--
-- Table structure for table `job_type`
--

CREATE TABLE `job_type` (
  `id` int(1) NOT NULL,
  `name` varchar(20) CHARACTER SET utf8 DEFAULT 'Normal'
) ENGINE=InnoDB DEFAULT CHARSET=latin1;

--
-- Dumping data for table `job_type`
--

INSERT INTO `job_type` (`id`, `name`) VALUES
(1, 'Normal'),
(2, 'OverTime');

-- --------------------------------------------------------

--
-- Table structure for table `manufacture`
--

CREATE TABLE `manufacture` (
  `id` int(4) NOT NULL,
  `em_id` int(3) DEFAULT NULL,
  `date` date DEFAULT NULL,
  `unit` int(11) DEFAULT NULL,
  `status` tinyint(1) DEFAULT NULL
) ENGINE=InnoDB DEFAULT CHARSET=latin1;

--
-- Dumping data for table `manufacture`
--

INSERT INTO `manufacture` (`id`, `em_id`, `date`, `unit`, `status`) VALUES
(1, 6, '2015-02-02', 760, 1),
(2, 12, '2015-02-03', 1520, 1),
(3, 16, '2015-02-04', 1100, 1),
(4, 17, '2015-02-06', 1250, 1),
(5, 6, '2015-02-09', 1520, 1),
(6, 6, '2015-02-10', 3150, 1),
(7, 16, '2015-02-13', 1230, 1),
(8, 17, '2015-02-16', 5400, 1),
(9, 6, '2015-02-20', 1520, 1),
(10, 8, '2561-02-21', 500, 0),
(11, 1, '2561-02-21', 500, 0);

-- --------------------------------------------------------

--
-- Table structure for table `materials`
--

CREATE TABLE `materials` (
  `id` int(2) NOT NULL,
  `type` varchar(55) CHARACTER SET utf8 DEFAULT NULL,
  `unit` int(11) DEFAULT NULL,
  `price` tinyint(4) DEFAULT NULL
) ENGINE=InnoDB DEFAULT CHARSET=latin1;

--
-- Dumping data for table `materials`
--

INSERT INTO `materials` (`id`, `type`, `unit`, `price`) VALUES
(1, 'PE', 20000, 45),
(2, 'HDPE', 35000, 40),
(3, 'เชือกฟาง', 1000, 50),
(4, 'XO5x9', 50, 60),
(5, 'XO5x10', 50, 60),
(6, 'XO6x11', 50, 60),
(7, 'XO6x14', 50, 60),
(8, 'XO7x15', 50, 60),
(9, 'XO8x15', 50, 60),
(10, 'XO8x16', 50, 60),
(11, 'XO9x18', 50, 60),
(12, 'XO12x20', 50, 60),
(13, 'XO12x26', 50, 60),
(14, 'BM5X9', 50, 60),
(15, 'BM5x10', 50, 60),
(16, 'BM6x11', 50, 60),
(17, 'BM6x14', 50, 60),
(18, 'BM7x15', 50, 60),
(19, 'BM8x15', 50, 60),
(20, 'BM8x16', 50, 60),
(21, 'BM9x18', 50, 60),
(22, 'BM12x20', 50, 60),
(23, 'BM12x26', 50, 60);

-- --------------------------------------------------------

--
-- Table structure for table `order_materials`
--

CREATE TABLE `order_materials` (
  `id` int(4) NOT NULL,
  `em_id` int(3) DEFAULT NULL,
  `vd_id` int(2) DEFAULT NULL,
  `date_order` date DEFAULT NULL,
  `date_deliver` date DEFAULT NULL,
  `price` int(11) DEFAULT NULL,
  `unit` int(11) DEFAULT NULL,
  `status` tinyint(1) DEFAULT NULL
) ENGINE=InnoDB DEFAULT CHARSET=latin1;

--
-- Dumping data for table `order_materials`
--

INSERT INTO `order_materials` (`id`, `em_id`, `vd_id`, `date_order`, `date_deliver`, `price`, `unit`, `status`) VALUES
(1, 9, 1, '2015-02-01', '2015-02-05', 45000, 1000, 1),
(2, 10, 5, '2015-02-01', '2015-02-05', 67500, 1500, 1),
(3, 9, 1, '2015-02-07', '2015-02-09', 4000, 1000, 1),
(4, 10, 5, '2015-02-07', '2015-02-09', 48000, 1200, 1),
(5, 9, 1, '2015-02-14', '2015-02-18', 17000, 300, 1),
(6, 10, 5, '2015-02-14', '2015-02-18', 15000, 300, 1),
(7, 9, 1, '2015-02-20', '2015-02-24', 90000, 2000, 1),
(8, 10, 5, '2015-02-20', '2015-02-24', 120000, 3000, 1);

-- --------------------------------------------------------

--
-- Table structure for table `order_product`
--

CREATE TABLE `order_product` (
  `id` int(4) NOT NULL,
  `c_id` int(3) DEFAULT NULL,
  `em_id` int(2) DEFAULT NULL,
  `date_order` date DEFAULT NULL,
  `date_recive` date DEFAULT NULL,
  `price` int(11) DEFAULT NULL,
  `unit` smallint(6) DEFAULT NULL,
  `status` tinyint(1) DEFAULT NULL
) ENGINE=InnoDB DEFAULT CHARSET=latin1;

--
-- Dumping data for table `order_product`
--

INSERT INTO `order_product` (`id`, `c_id`, `em_id`, `date_order`, `date_recive`, `price`, `unit`, `status`) VALUES
(1, 5, 9, '2015-02-02', '2015-02-02', 0, 500, 1),
(2, 6, 10, '2015-02-02', '2015-02-02', 0, 500, 1),
(3, 8, 9, '2015-02-03', '2015-02-04', 0, 150, 1),
(4, 39, 10, '2015-02-03', '2015-02-03', 0, 500, 1),
(5, 2, 9, '2015-02-03', '2015-02-05', 0, 400, 1),
(6, 25, 10, '2015-02-03', '2015-02-05', 0, 300, 1),
(7, 10, 9, '2015-02-05', '2015-02-05', 0, 300, 1),
(8, 1, 10, '2015-02-05', '2015-02-07', 0, 700, 1),
(9, 7, 9, '2015-02-07', '2015-02-08', 0, 100, 1),
(10, 46, 10, '2015-02-07', '2015-02-08', 0, 600, 1);

-- --------------------------------------------------------

--
-- Table structure for table `payment_customer`
--

CREATE TABLE `payment_customer` (
  `id` int(4) NOT NULL,
  `em_id` int(2) DEFAULT NULL,
  `op_id` int(4) DEFAULT NULL,
  `date` date DEFAULT NULL,
  `round` tinyint(4) DEFAULT NULL,
  `type_payment` varchar(20) CHARACTER SET utf8 DEFAULT NULL,
  `amount` int(11) DEFAULT NULL,
  `remaining` int(11) DEFAULT NULL,
  `Status` tinyint(1) DEFAULT NULL
) ENGINE=InnoDB DEFAULT CHARSET=utf32;

--
-- Dumping data for table `payment_customer`
--

INSERT INTO `payment_customer` (`id`, `em_id`, `op_id`, `date`, `round`, `type_payment`, `amount`, `remaining`, `Status`) VALUES
(1, 3, 1, '2015-02-02', 1, 'เช็ค', 30000, 0, 1),
(2, 4, 2, '2015-02-02', 1, 'เช็ค', 30000, 0, 1),
(3, 7, 3, '2015-02-04', 1, 'สด', 9000, 0, 1),
(4, 3, 4, '2015-02-03', 1, 'เช็ค', 30000, 0, 1),
(5, 4, 5, '2015-02-03', 1, 'เช็ค', 24000, 0, 1),
(6, 7, 6, '2015-02-05', 1, 'สด', 18000, 0, 1),
(7, 3, 7, '2015-02-05', 1, 'สด', 18000, 0, 1),
(8, 4, 8, '2015-02-07', 1, 'เช็ค', 42000, 0, 1),
(9, 7, 9, '2015-02-08', 1, 'สด', 6000, 0, 1),
(10, 3, 10, '2015-02-08', 1, 'เช็ค', 36000, 0, 1);

-- --------------------------------------------------------

--
-- Table structure for table `payment_order_materials`
--

CREATE TABLE `payment_order_materials` (
  `id` int(4) NOT NULL,
  `om_id` int(4) DEFAULT NULL,
  `em_id` int(3) DEFAULT NULL,
  `date` date DEFAULT NULL,
  `round` tinyint(1) DEFAULT NULL,
  `type_payment` varchar(20) CHARACTER SET utf8 DEFAULT NULL,
  `amount` int(11) DEFAULT NULL,
  `status` tinyint(1) DEFAULT NULL
) ENGINE=InnoDB DEFAULT CHARSET=latin1;

--
-- Dumping data for table `payment_order_materials`
--

INSERT INTO `payment_order_materials` (`id`, `om_id`, `em_id`, `date`, `round`, `type_payment`, `amount`, `status`) VALUES
(1, 1, 3, '2015-02-05', 1, 'สด', 45000, 1),
(2, 2, 4, '2015-02-05', 1, 'สด', 67500, 1),
(3, 3, 7, '2015-02-09', 1, 'สด', 40000, 1),
(4, 4, 3, '2015-02-09', 1, 'สด', 48000, 1),
(5, 5, 4, '2015-02-18', 1, 'สด', 17000, 1),
(6, 6, 7, '2015-02-18', 1, 'สด', 15000, 1),
(7, 7, 3, '2015-02-24', 1, 'สด', 90000, 1),
(8, 8, 7, '2015-02-24', 1, 'สด', 120000, 1);

-- --------------------------------------------------------

--
-- Table structure for table `product`
--

CREATE TABLE `product` (
  `id` int(2) NOT NULL,
  `type` varchar(55) CHARACTER SET utf8 DEFAULT NULL,
  `price` smallint(6) DEFAULT NULL,
  `unit` int(11) DEFAULT NULL
) ENGINE=InnoDB DEFAULT CHARSET=latin1;

--
-- Dumping data for table `product`
--

INSERT INTO `product` (`id`, `type`, `price`, `unit`) VALUES
(1, 'XO5x9', 60, 3000),
(2, 'XO5x10', 60, 2000),
(3, 'XO6x11', 60, 2000),
(4, 'XO6x14', 60, 2000),
(5, 'XO7x15', 60, 2000),
(6, 'XO8x15', 60, 2000),
(7, 'XO8x16', 60, 2000),
(8, 'XO9x18', 60, 2000),
(9, 'XO12x20', 60, 2600),
(10, 'XO12x26', 60, 2000),
(11, 'BM5x9', 60, 2000),
(12, 'BM5x10', 60, 2000),
(13, 'BM6x11', 60, 2000),
(14, 'BM6x14', 60, 2000),
(15, 'BM7x15', 60, 2000),
(16, 'BM8x15', 60, 2000),
(17, 'BM8x16', 60, 2000),
(18, 'BM9x18', 60, 2000),
(19, 'BM12x20', 60, 2000),
(20, 'BM12x26', 60, 2000);

-- --------------------------------------------------------

--
-- Table structure for table `receiving_materials`
--

CREATE TABLE `receiving_materials` (
  `id` int(4) NOT NULL,
  `om_id` int(4) DEFAULT NULL,
  `em_id` int(3) DEFAULT NULL,
  `date` date DEFAULT NULL,
  `unit` int(11) DEFAULT NULL,
  `status` tinyint(1) DEFAULT NULL
) ENGINE=InnoDB DEFAULT CHARSET=latin1;

--
-- Dumping data for table `receiving_materials`
--

INSERT INTO `receiving_materials` (`id`, `om_id`, `em_id`, `date`, `unit`, `status`) VALUES
(1, 1, 3, '2015-02-05', 1000, 1),
(2, 2, 4, '2015-02-05', 1500, 1),
(3, 3, 7, '2015-02-09', 1000, 1),
(4, 4, 3, '2015-02-09', 1200, 1),
(5, 5, 4, '2015-02-18', 300, 1),
(6, 6, 7, '2015-02-18', 300, 1),
(7, 7, 3, '2015-02-24', 2000, 1),
(8, 8, 7, '2015-02-24', 3000, 1);

-- --------------------------------------------------------

--
-- Table structure for table `requistion`
--

CREATE TABLE `requistion` (
  `id` int(4) NOT NULL,
  `em_id` int(3) DEFAULT NULL,
  `mn_id` int(4) DEFAULT NULL,
  `date` date DEFAULT NULL,
  `unit` int(11) DEFAULT NULL,
  `status` tinyint(1) DEFAULT NULL
) ENGINE=InnoDB DEFAULT CHARSET=latin1;

--
-- Dumping data for table `requistion`
--

INSERT INTO `requistion` (`id`, `em_id`, `mn_id`, `date`, `unit`, `status`) VALUES
(1, 1, 1, '2015-02-02', 820, 1),
(2, 2, 2, '2015-02-03', 1640, 1),
(3, 1, 3, '2015-02-04', 1160, 1),
(4, 2, 4, '2015-02-06', 1320, 1),
(5, 1, 5, '2015-02-09', 1620, 1),
(6, 1, 6, '2015-02-10', 3350, 1),
(7, 2, 7, '2015-02-13', 1300, 1),
(8, 1, 8, '2015-02-16', 5150, 1),
(9, 1, 9, '2015-02-20', 1620, 1),
(10, 4, 11, '2561-02-21', 0, 0);

-- --------------------------------------------------------

--
-- Table structure for table `salary`
--

CREATE TABLE `salary` (
  `id` int(5) NOT NULL,
  `em_id` int(3) DEFAULT NULL,
  `wagetotal` int(11) DEFAULT NULL,
  `date` date DEFAULT NULL,
  `round` tinyint(4) DEFAULT NULL
) ENGINE=InnoDB DEFAULT CHARSET=latin1;

--
-- Dumping data for table `salary`
--

INSERT INTO `salary` (`id`, `em_id`, `wagetotal`, `date`, `round`) VALUES
(1, 1, 32000, '2015-01-30', 1),
(2, 2, 18000, '2015-01-30', 1),
(3, 3, 25000, '2015-01-30', 1),
(4, 4, 22000, '2015-01-30', 1),
(5, 5, 18000, '2015-01-30', 1),
(6, 6, 22000, '2015-01-30', 1),
(7, 7, 31050, '2015-01-30', 1),
(8, 8, 20000, '2015-01-30', 1),
(9, 9, 15000, '2015-01-30', 1),
(10, 10, 15000, '2015-01-30', 1),
(11, 11, 15000, '2015-01-30', 1),
(12, 12, 25670, '2015-01-30', 1),
(13, 13, 13200, '2015-01-30', 1),
(14, 14, 18500, '2015-01-30', 1),
(15, 15, 23000, '2015-01-30', 1),
(16, 16, 25000, '2015-01-30', 1),
(17, 17, 20000, '2015-01-30', 1),
(18, 18, 20000, '2015-01-30', 1),
(19, 19, 24600, '2015-01-30', 1),
(20, 20, 20000, '2015-01-30', 1),
(21, 21, 13170, '2015-01-30', 1),
(22, 20, 15000, '2015-01-30', 1),
(23, 23, 18000, '2015-01-30', 1),
(24, 24, 20000, '2015-01-30', 1),
(25, 25, 17600, '2015-01-30', 1),
(26, 26, 13000, '2015-01-30', 1),
(27, 27, 17500, '2015-01-30', 1),
(28, 28, 15000, '2015-01-30', 1),
(29, 29, 17500, '2015-01-30', 1),
(30, 30, 15000, '2015-01-30', 1),
(31, 31, 20000, '2015-01-30', 1),
(32, 32, 19780, '2015-01-30', 1),
(33, 33, 18000, '2015-01-30', 1),
(34, 1, 32000, '2015-02-28', 1),
(35, 2, 18000, '2015-02-28', 1),
(36, 3, 25000, '2015-02-28', 1);

-- --------------------------------------------------------

--
-- Table structure for table `storage`
--

CREATE TABLE `storage` (
  `id` int(4) NOT NULL,
  `mn_id` int(4) DEFAULT NULL,
  `em_id` int(3) DEFAULT NULL,
  `date` date DEFAULT NULL,
  `unit` smallint(6) DEFAULT NULL,
  `status` tinyint(1) DEFAULT NULL
) ENGINE=InnoDB DEFAULT CHARSET=latin1;

--
-- Dumping data for table `storage`
--

INSERT INTO `storage` (`id`, `mn_id`, `em_id`, `date`, `unit`, `status`) VALUES
(1, 1, 1, '2015-02-02', 760, 1),
(2, 2, 2, '2015-02-03', 1520, 1),
(3, 3, 1, '2015-02-04', 1100, 1),
(4, 4, 2, '2015-02-06', 1250, 1),
(5, 5, 1, '2015-02-09', 1520, 1),
(6, 6, 2, '2015-02-10', 3150, 1),
(7, 7, 1, '2015-02-13', 1230, 1),
(8, 8, 2, '2015-02-16', 4800, 1),
(9, 9, 1, '2015-02-20', 1520, 1);

-- --------------------------------------------------------

--
-- Table structure for table `type_car`
--

CREATE TABLE `type_car` (
  `id` int(2) NOT NULL,
  `type` varchar(255) CHARACTER SET utf8 DEFAULT NULL
) ENGINE=InnoDB DEFAULT CHARSET=latin1;

--
-- Dumping data for table `type_car`
--

INSERT INTO `type_car` (`id`, `type`) VALUES
(1, 'รถตู้\r\n'),
(2, 'รถกระบะ\r\n'),
(3, 'รถหกล้อ\r\n');

-- --------------------------------------------------------

--
-- Table structure for table `vender`
--

CREATE TABLE `vender` (
  `id` int(2) NOT NULL,
  `name` varchar(255) CHARACTER SET utf8 DEFAULT NULL,
  `address` varchar(255) CHARACTER SET utf8 DEFAULT NULL,
  `phone` char(9) CHARACTER SET latin1 DEFAULT NULL,
  `email` varchar(255) CHARACTER SET latin1 DEFAULT NULL
) ENGINE=InnoDB DEFAULT CHARSET=latin1 COLLATE=latin1_general_ci;

--
-- Dumping data for table `vender`
--

INSERT INTO `vender` (`id`, `name`, `address`, `phone`, `email`) VALUES
(1, 'ท็อปเท็นพลาสติกกรุ๊ป\r\n', '2/2 ถนนหลวงแพ่ง แขวงทับยาว ลาดกระบัง  กรุงเทพมหานคร 10520\r\n', '027382480', 'akkhachit_p@gc.co.th'),
(2, 'บมจ.โกลบอล คอนเน็คชั่นส์\r\n', '13/1 ม.2 ถ.กิ่งแก้ว ต.ราชาเทวะ บางพลี  สมุทรปราการ 10540\r\n', '027637999', 'gstream@lgchem.com\r\n'),
(3, 'บจก.ซูมิโตโม คอร์ปอเรชั่น ไทยแลนด์\r\n', '87 อาคารเอ็ม ไทย ทาวเวอร์ ออลซีซั่นส์ เพลส ชั้นที่ 20-22 ยูนิต 1 ถนนวิทยุ แขวงลุมพินี ปทุมวัน กรุงเทพมหานคร 10330\r\n', '026540003', 'thaicharoenpallet1998@gmail.com\r\n'),
(4, 'บจก.ตะล่อมสินพลาสติก\r\n', '924 อาคารตะล่อมสิน ถ.พระรามที่ 3 แขวงช่องนนทรี ยานนาวา กรุงเทพมหานคร 10120\r\n', '022946300', 'ProPlaschem@hotmail.com\r\n'),
(5, 'บจก.วาเทค อุตสาหกรรม\r\n', '141/21-22 อาคารไทยสุรวงศ์ ชั้น 18 ถ.สุรวงศ์ แขวงสุรียวงศ์ บางรัก กรุงเทพมหานคร 10500\r\n', '022379842', 'wahtech@wahtech.wl-group.com\r\n'),
(6, 'บจก.เอเบิล วัน เอ็นจิเนียริ่ง\r\n', '77/11 หมู่ที่ 3 ซอยสุขสวัสดิ์ 70 ถนนสุขสวัสดิ์ ตำบลบางครุ พระประแดง สมุทรปราการ 10130\r\n', '024644344', 'narintorn@able-1.com\r\n'),
(7, 'บจก.ณัฐกิจ อุตสาหกรรม\r\n', '79 ม.3 ถ.ฤชุพันธ์ ต.ไทรใหญ่ ไทรน้อย นนทบุรี 11150\r\n', '029855907', 'narongsak@natakit.com\r\n');

--
-- Indexes for dumped tables
--

--
-- Indexes for table `car`
--
ALTER TABLE `car`
  ADD PRIMARY KEY (`id`),
  ADD KEY `tc_id` (`tc_id`);

--
-- Indexes for table `customer`
--
ALTER TABLE `customer`
  ADD PRIMARY KEY (`id`);

--
-- Indexes for table `deliver`
--
ALTER TABLE `deliver`
  ADD PRIMARY KEY (`id`),
  ADD KEY `car_id` (`car_id`),
  ADD KEY `em_id` (`em_id`);

--
-- Indexes for table `detail_deliver`
--
ALTER TABLE `detail_deliver`
  ADD PRIMARY KEY (`id`),
  ADD KEY `op_id` (`op_id`),
  ADD KEY `de_id` (`de_id`);

--
-- Indexes for table `detail_manufacture`
--
ALTER TABLE `detail_manufacture`
  ADD PRIMARY KEY (`id`),
  ADD KEY `pd_id` (`pd_id`),
  ADD KEY `mn_id` (`mn_id`);

--
-- Indexes for table `detail_order_material`
--
ALTER TABLE `detail_order_material`
  ADD PRIMARY KEY (`ID`),
  ADD KEY `detail_order_material_fk_om_id` (`om_id`),
  ADD KEY `detail_order_material_fk_m_ID` (`m_id`);

--
-- Indexes for table `detail_order_product`
--
ALTER TABLE `detail_order_product`
  ADD PRIMARY KEY (`id`),
  ADD KEY `op_id` (`op_id`),
  ADD KEY `pd_id` (`pd_id`);

--
-- Indexes for table `detail_receiving_materials`
--
ALTER TABLE `detail_receiving_materials`
  ADD PRIMARY KEY (`id`),
  ADD KEY `m_id` (`m_id`),
  ADD KEY `rm_id` (`rm_id`);

--
-- Indexes for table `detail_requistion`
--
ALTER TABLE `detail_requistion`
  ADD PRIMARY KEY (`id`),
  ADD KEY `rq_id` (`rq_id`),
  ADD KEY `m_id` (`m_id`);

--
-- Indexes for table `detail_storage`
--
ALTER TABLE `detail_storage`
  ADD PRIMARY KEY (`id`),
  ADD KEY `s_id` (`s_id`),
  ADD KEY `pd_id` (`pd_id`);

--
-- Indexes for table `employee`
--
ALTER TABLE `employee`
  ADD PRIMARY KEY (`id`),
  ADD KEY `jp_id` (`jp_id`);

--
-- Indexes for table `job_detail`
--
ALTER TABLE `job_detail`
  ADD PRIMARY KEY (`id`),
  ADD KEY `em_id` (`em_id`),
  ADD KEY `jt_id` (`jt_id`);

--
-- Indexes for table `job_position`
--
ALTER TABLE `job_position`
  ADD PRIMARY KEY (`id`);

--
-- Indexes for table `job_type`
--
ALTER TABLE `job_type`
  ADD PRIMARY KEY (`id`);

--
-- Indexes for table `manufacture`
--
ALTER TABLE `manufacture`
  ADD PRIMARY KEY (`id`),
  ADD KEY `em_id` (`em_id`);

--
-- Indexes for table `materials`
--
ALTER TABLE `materials`
  ADD PRIMARY KEY (`id`);

--
-- Indexes for table `order_materials`
--
ALTER TABLE `order_materials`
  ADD PRIMARY KEY (`id`),
  ADD KEY `vd_id` (`vd_id`),
  ADD KEY `em_id` (`em_id`);

--
-- Indexes for table `order_product`
--
ALTER TABLE `order_product`
  ADD PRIMARY KEY (`id`),
  ADD KEY `c_id` (`c_id`),
  ADD KEY `em_id` (`em_id`);

--
-- Indexes for table `payment_customer`
--
ALTER TABLE `payment_customer`
  ADD PRIMARY KEY (`id`),
  ADD KEY `em_id` (`em_id`),
  ADD KEY `op_id` (`op_id`);

--
-- Indexes for table `payment_order_materials`
--
ALTER TABLE `payment_order_materials`
  ADD PRIMARY KEY (`id`),
  ADD KEY `payment_order_materials_fk_om_id` (`om_id`),
  ADD KEY `em_id` (`em_id`);

--
-- Indexes for table `product`
--
ALTER TABLE `product`
  ADD PRIMARY KEY (`id`);

--
-- Indexes for table `receiving_materials`
--
ALTER TABLE `receiving_materials`
  ADD PRIMARY KEY (`id`),
  ADD KEY `em_id` (`em_id`),
  ADD KEY `om_id` (`om_id`);

--
-- Indexes for table `requistion`
--
ALTER TABLE `requistion`
  ADD PRIMARY KEY (`id`),
  ADD KEY `em_id` (`em_id`),
  ADD KEY `mn_id` (`mn_id`);

--
-- Indexes for table `salary`
--
ALTER TABLE `salary`
  ADD PRIMARY KEY (`id`),
  ADD KEY `em_id` (`em_id`);

--
-- Indexes for table `storage`
--
ALTER TABLE `storage`
  ADD PRIMARY KEY (`id`),
  ADD KEY `mn_id` (`mn_id`),
  ADD KEY `em_id` (`em_id`);

--
-- Indexes for table `type_car`
--
ALTER TABLE `type_car`
  ADD PRIMARY KEY (`id`);

--
-- Indexes for table `vender`
--
ALTER TABLE `vender`
  ADD PRIMARY KEY (`id`);

--
-- AUTO_INCREMENT for dumped tables
--

--
-- AUTO_INCREMENT for table `job_detail`
--
ALTER TABLE `job_detail`
  MODIFY `id` int(5) NOT NULL AUTO_INCREMENT, AUTO_INCREMENT=15;

--
-- Constraints for dumped tables
--

--
-- Constraints for table `car`
--
ALTER TABLE `car`
  ADD CONSTRAINT `car_ibfk_1` FOREIGN KEY (`tc_id`) REFERENCES `type_car` (`id`);

--
-- Constraints for table `deliver`
--
ALTER TABLE `deliver`
  ADD CONSTRAINT `deliver_ibfk_1` FOREIGN KEY (`car_id`) REFERENCES `car` (`id`),
  ADD CONSTRAINT `deliver_ibfk_2` FOREIGN KEY (`em_id`) REFERENCES `employee` (`id`);

--
-- Constraints for table `detail_deliver`
--
ALTER TABLE `detail_deliver`
  ADD CONSTRAINT `detail_deliver_ibfk_1` FOREIGN KEY (`op_id`) REFERENCES `order_product` (`id`),
  ADD CONSTRAINT `detail_deliver_ibfk_2` FOREIGN KEY (`de_id`) REFERENCES `deliver` (`id`);

--
-- Constraints for table `detail_manufacture`
--
ALTER TABLE `detail_manufacture`
  ADD CONSTRAINT `detail_manufacture_ibfk_1` FOREIGN KEY (`pd_id`) REFERENCES `product` (`id`),
  ADD CONSTRAINT `detail_manufacture_ibfk_2` FOREIGN KEY (`mn_id`) REFERENCES `manufacture` (`id`);

--
-- Constraints for table `detail_order_material`
--
ALTER TABLE `detail_order_material`
  ADD CONSTRAINT `detail_order_material_fk_m_ID` FOREIGN KEY (`m_id`) REFERENCES `materials` (`id`),
  ADD CONSTRAINT `detail_order_material_fk_om_id` FOREIGN KEY (`om_id`) REFERENCES `order_materials` (`id`);

--
-- Constraints for table `detail_order_product`
--
ALTER TABLE `detail_order_product`
  ADD CONSTRAINT `detail_order_product_ibfk_1` FOREIGN KEY (`op_id`) REFERENCES `order_product` (`id`),
  ADD CONSTRAINT `detail_order_product_ibfk_2` FOREIGN KEY (`pd_id`) REFERENCES `product` (`id`);

--
-- Constraints for table `detail_receiving_materials`
--
ALTER TABLE `detail_receiving_materials`
  ADD CONSTRAINT `detail_receiving_materials_ibfk_1` FOREIGN KEY (`m_id`) REFERENCES `materials` (`id`),
  ADD CONSTRAINT `detail_receiving_materials_ibfk_2` FOREIGN KEY (`rm_id`) REFERENCES `receiving_materials` (`id`);

--
-- Constraints for table `detail_requistion`
--
ALTER TABLE `detail_requistion`
  ADD CONSTRAINT `detail_requistion_ibfk_1` FOREIGN KEY (`rq_id`) REFERENCES `requistion` (`id`),
  ADD CONSTRAINT `detail_requistion_ibfk_2` FOREIGN KEY (`m_id`) REFERENCES `materials` (`id`);

--
-- Constraints for table `detail_storage`
--
ALTER TABLE `detail_storage`
  ADD CONSTRAINT `detail_storage_ibfk_1` FOREIGN KEY (`s_id`) REFERENCES `storage` (`id`),
  ADD CONSTRAINT `detail_storage_ibfk_2` FOREIGN KEY (`pd_id`) REFERENCES `product` (`id`);

--
-- Constraints for table `employee`
--
ALTER TABLE `employee`
  ADD CONSTRAINT `employee_ibfk_1` FOREIGN KEY (`jp_id`) REFERENCES `job_position` (`id`);

--
-- Constraints for table `job_detail`
--
ALTER TABLE `job_detail`
  ADD CONSTRAINT `job_detail_ibfk_1` FOREIGN KEY (`em_id`) REFERENCES `employee` (`id`),
  ADD CONSTRAINT `job_detail_ibfk_2` FOREIGN KEY (`jt_id`) REFERENCES `job_type` (`id`);

--
-- Constraints for table `manufacture`
--
ALTER TABLE `manufacture`
  ADD CONSTRAINT `manufacture_ibfk_1` FOREIGN KEY (`em_id`) REFERENCES `employee` (`id`);

--
-- Constraints for table `order_materials`
--
ALTER TABLE `order_materials`
  ADD CONSTRAINT `order_materials_ibfk_1` FOREIGN KEY (`vd_id`) REFERENCES `vender` (`id`),
  ADD CONSTRAINT `order_materials_ibfk_2` FOREIGN KEY (`em_id`) REFERENCES `employee` (`id`);

--
-- Constraints for table `order_product`
--
ALTER TABLE `order_product`
  ADD CONSTRAINT `order_product_ibfk_1` FOREIGN KEY (`c_id`) REFERENCES `customer` (`id`),
  ADD CONSTRAINT `order_product_ibfk_2` FOREIGN KEY (`em_id`) REFERENCES `employee` (`id`);

--
-- Constraints for table `payment_customer`
--
ALTER TABLE `payment_customer`
  ADD CONSTRAINT `payment_customer_ibfk_1` FOREIGN KEY (`em_id`) REFERENCES `employee` (`id`),
  ADD CONSTRAINT `payment_customer_ibfk_2` FOREIGN KEY (`op_id`) REFERENCES `order_product` (`id`);

--
-- Constraints for table `payment_order_materials`
--
ALTER TABLE `payment_order_materials`
  ADD CONSTRAINT `payment_order_materials_fk_om_id` FOREIGN KEY (`om_id`) REFERENCES `order_materials` (`id`),
  ADD CONSTRAINT `payment_order_materials_ibfk_1` FOREIGN KEY (`em_id`) REFERENCES `employee` (`id`);

--
-- Constraints for table `receiving_materials`
--
ALTER TABLE `receiving_materials`
  ADD CONSTRAINT `receiving_materials_ibfk_1` FOREIGN KEY (`em_id`) REFERENCES `employee` (`id`),
  ADD CONSTRAINT `receiving_materials_ibfk_2` FOREIGN KEY (`om_id`) REFERENCES `order_materials` (`id`);

--
-- Constraints for table `requistion`
--
ALTER TABLE `requistion`
  ADD CONSTRAINT `requistion_ibfk_1` FOREIGN KEY (`em_id`) REFERENCES `employee` (`id`),
  ADD CONSTRAINT `requistion_ibfk_2` FOREIGN KEY (`mn_id`) REFERENCES `manufacture` (`id`);

--
-- Constraints for table `salary`
--
ALTER TABLE `salary`
  ADD CONSTRAINT `salary_ibfk_1` FOREIGN KEY (`em_id`) REFERENCES `employee` (`id`);

--
-- Constraints for table `storage`
--
ALTER TABLE `storage`
  ADD CONSTRAINT `storage_ibfk_1` FOREIGN KEY (`mn_id`) REFERENCES `manufacture` (`id`),
  ADD CONSTRAINT `storage_ibfk_2` FOREIGN KEY (`em_id`) REFERENCES `employee` (`id`);
COMMIT;

/*!40101 SET CHARACTER_SET_CLIENT=@OLD_CHARACTER_SET_CLIENT */;
/*!40101 SET CHARACTER_SET_RESULTS=@OLD_CHARACTER_SET_RESULTS */;
/*!40101 SET COLLATION_CONNECTION=@OLD_COLLATION_CONNECTION */;
